t,m_dot,Pp,N,alpha
0.0,0.032035577826418304,11.904135632937141,0,0.0
0.1,-0.004787112549460737,-7.605088480711856,0,0.0
0.2,-0.020469949852436997,-5.607541640875752,0,0.0
0.30000000000000004,0.0035855126991259922,-0.22247794848954072,0,0.0
0.4,0.004399933679435364,-15.628843453395348,0,0.0
0.5,0.027183751504808562,2.2877002892919336,0,0.0
0.6000000000000001,0.01670222491829154,9.674662729253214,0,0.0
0.7000000000000001,0.007137421182989989,2.9293382349760577,0,0.0
0.8,0.02926605782439129,-15.888975641783873,0,0.0
0.9,-0.023775261086457,-1.2380929432929406,0,0.0
1.0,-0.012794826301837148,7.240995422373089,1000,0.09999999999999998
1.1,0.07694810586461376,-628.9051258207965,1000,0.09999999999999998
1.2000000000000002,0.17963371612931045,-587.4191312368866,1000,0.09999999999999998
1.3,0.2486892511253913,-535.2092760916075,1000,0.09999999999999998
1.4000000000000001,0.3734874428483952,-509.7147940393452,1000,0.09999999999999998
1.5,0.43751152504650825,-477.7058678382873,1000,0.09999999999999998
1.6,0.4899902220753134,-433.6393130648248,1000,0.09999999999999998
1.7000000000000002,0.5728239492186056,-418.95625304076384,1000,0.09999999999999998
1.8,0.6694875909717108,-389.4935374707702,1000,0.09999999999999998
1.9000000000000001,0.7469913609606555,-342.608585810799,1000,0.09999999999999998
2.0,0.8337120518050272,-346.5815217852578,1000,0.09999999999999998
2.1,0.9121403764481251,-328.2335505753972,1000,0.09999999999999998
2.2,0.9187740977386483,-292.8718173050902,1000,0.09999999999999998
2.3000000000000003,0.9444687618738294,-270.7148535894976,1000,0.09999999999999998
2.4000000000000004,0.9725650631347689,-259.3859677672781,1000,0.09999999999999998
2.5,1.0686460762750833,-244.51720348679373,1000,0.09999999999999998
2.6,1.0923565739984333,-192.22575221247916,1000,0.09999999999999998
2.7,1.1429779068362658,-194.20760605323267,1000,0.09999999999999998
2.8000000000000003,1.1791770310955298,-187.90533165910347,1000,0.09999999999999998
2.9000000000000004,1.2262962852502275,-155.49087015007262,1000,0.09999999999999998
3.0,1.2857834903505987,-146.15844436513999,0,0.0
3.1,1.1757552540897391,713.044326456944,0,0.0
3.2,1.0815818273575193,663.3277306696209,0,0.0
3.3000000000000003,0.9811701476843071,590.643911485523,0,0.0
3.4000000000000004,0.8938340540068292,559.0743021822582,0,0.0
3.5,0.849008815342934,530.1694514057799,0,0.0
3.6,0.7957351943928073,475.9117129694523,0,0.0
3.7,0.7769139268268335,432.416008162304,0,0.0
3.8000000000000003,0.6955739133920433,400.7534290821577,0,0.0
3.9000000000000004,0.670704918851686,376.08559467293344,0,0.0
4.0,0.6058145335903689,356.73203997949076,1000,0.0
4.1000000000000005,0.5609053900641925,337.1111431457748,1000,0.0
4.2,0.5353603930018416,331.86803380175934,1000,0.0
4.3,0.5140823667389984,289.5666139902032,1000,0.0
4.4,0.5489461393909112,302.09056587131727,1000,0.0
4.5,0.4693654088112531,277.2628176749895,1000,0.0
4.6000000000000005,0.4828019299766204,272.9469546173077,1000,0.0
4.7,0.43032016175171695,247.33497920272566,1000,0.0
4.800000000000001,0.4514642808879161,262.6281382280522,1000,0.0
4.9,0.42630554944142407,253.3548279394672,1000,0.0
5.0,0.4018869236699789,214.96507651457614,1000,0.09999999999999998
5.1000000000000005,0.48028974397103674,-481.80965953318537,1000,0.09999999999999998
5.2,0.5399623412275254,-430.5116600766178,1000,0.09999999999999998
5.300000000000001,0.6314710359360705,-407.64413412965405,1000,0.09999999999999998
5.4,0.6813953551523051,-401.14773454821716,1000,0.09999999999999998
5.5,0.7288744438496622,-360.41570904037417,1000,0.09999999999999998
5.6000000000000005,0.7874689437877782,-332.6790150399738,1000,0.09999999999999998
5.7,0.874020200709583,-307.49983449936553,1000,0.09999999999999998
5.800000000000001,0.9571747975428577,-288.785731064263,1000,0.09999999999999998
5.9,0.9813066851392822,-266.47193034170505,1000,0.09999999999999998
6.0,1.025466117930704,-232.834905601826,0,0.0
6.1000000000000005,0.9600999338414322,585.1036794660804,0,0.0
6.2,0.9104300505354583,499.55155692855624,0,0.0
6.300000000000001,0.8223250873783323,482.7980675225672,0,0.0
6.4,0.749771871228889,446.64599527911014,0,0.0
6.5,0.7237031390010928,395.54593112501516,0,0.0
6.6000000000000005,0.6566177755680194,380.7461959950506,0,0.0
6.7,0.6292933494192603,361.8856657158567,0,0.0
6.800000000000001,0.5568488018859892,310.982405993449,0,0.0
6.9,0.4873709168510123,300.51836459243714,0,0.0
7.0,0.44717123638988543,262.34545129486924,1000,0.09999999999999998
7.1000000000000005,0.5802379238937805,-447.8466036043674,1000,0.09999999999999998
7.2,0.6521449005472126,-398.98525379154125,1000,0.09999999999999998
7.300000000000001,0.6822929776172417,-392.4672766560325,1000,0.09999999999999998
7.4,0.7423042927471668,-357.02152593316623,1000,0.09999999999999998
7.5,0.840944539635438,-355.7951299706465,1000,0.09999999999999998
7.6000000000000005,0.8482697719331274,-294.902464968377,1000,0.09999999999999998
7.7,0.9081585941409784,-284.9452016770747,1000,0.09999999999999998
7.800000000000001,0.9915095365226696,-271.24620390998007,1000,0.09999999999999998
7.9,1.0202881814431857,-243.11861351234165,1000,0.09999999999999998
8.0,1.0749136542827715,-225.7776361945762,1000,0.0
8.1,1.0122326306348484,623.4056591742783,1000,0.0
8.200000000000001,0.9637189045899772,570.7545495918839,1000,0.0
8.3,0.9316629096647437,537.6602318572641,1000,0.0
8.4,0.8548925158624279,502.60980828108313,1000,0.0
8.5,0.8204570962373516,473.00233906348603,1000,0.0
8.6,0.7223888772267646,457.8939331807387,1000,0.0
8.700000000000001,0.7213615424444964,427.81736258632463,1000,0.0
8.8,0.667597114713641,408.2977565839665,1000,0.0
8.9,0.6253934869481101,380.42522342356096,1000,0.0
9.0,0.6006969472557779,366.58897764149515,1000,0.0
9.1,0.5825687210397277,339.8516291297801,1000,0.0
9.200000000000001,0.5792545787300334,349.043986756069,1000,0.0
9.3,0.50840045039822,295.25004959988655,1000,0.0
9.4,0.5118391503159261,309.1975460713138,1000,0.0
9.5,0.4801477863493213,297.40220006366235,1000,0.0
9.600000000000001,0.4641888065216362,263.812623866841,1000,0.0
9.700000000000001,0.47326460082518285,284.1678384196175,1000,0.0
9.8,0.44748723339796115,261.9309895754459,1000,0.0
9.9,0.4484824295297827,252.67310880213427,1000,0.0
10.0,0.4048494106156868,234.17133682575604,1000,0.09999999999999998
10.100000000000001,0.4695453364092863,-467.97343914996964,1000,0.09999999999999998
10.200000000000001,0.5516418206539795,-439.760965783611,1000,0.09999999999999998
10.3,0.629629378133636,-406.90833902707163,1000,0.09999999999999998
10.4,0.6963815793952914,-370.1458467782577,1000,0.09999999999999998
10.5,0.7339460537456235,-357.4572764359318,1000,0.09999999999999998
10.600000000000001,0.8169607318747234,-344.5903307939825,1000,0.09999999999999998
10.700000000000001,0.8777788753151539,-303.9930667831213,1000,0.09999999999999998
10.8,0.9791386256845209,-280.6496517376536,1000,0.09999999999999998
10.9,1.0191145463518732,-261.8889438001752,1000,0.09999999999999998
11.0,1.014514969278392,-240.50548799087574,1000,0.09999999999999998
11.100000000000001,1.073048024192845,-231.14525441759633,1000,0.09999999999999998
11.200000000000001,1.0939563794922789,-219.15191893563951,1000,0.09999999999999998
11.3,1.15305428032587,-200.920573807477,1000,0.09999999999999998
11.4,1.2100373947239982,-191.9204423108049,1000,0.09999999999999998
11.5,1.262205901880809,-158.65303951952865,1000,0.09999999999999998
11.600000000000001,1.2540382585799073,-148.98680180275005,1000,0.09999999999999998
11.700000000000001,1.2827616474564074,-140.9917827037334,1000,0.09999999999999998
11.8,1.2768169716372215,-155.89748894229524,1000,0.09999999999999998
11.9,1.3371211448465763,-129.87367378865292,1000,0.09999999999999998
12.0,1.3364314210970125,-98.56109432300218,0,0.09999999999999998
12.100000000000001,1.3610897019148611,-110.09456593544564,0,0.09999999999999998
12.200000000000001,1.3648335910780558,-94.830997608482,0,0.09999999999999998
12.3,1.3902950298309733,-107.77619727134788,0,0.09999999999999998
12.4,1.3661813229025501,-75.27672108536717,0,0.09999999999999998
12.5,1.3794190635919676,-87.64555051964362,0,0.09999999999999998
12.600000000000001,1.4570374564669075,-80.59343303717105,0,0.09999999999999998
12.700000000000001,1.396494183291325,-56.711639425643625,0,0.09999999999999998
12.8,1.4131605448015012,-59.25931733678317,0,0.09999999999999998
12.9,1.4864311739578522,-71.27514083192091,0,0.09999999999999998
13.0,1.524133919364111,-67.25893802228165,1000,0.09999999999999998
13.100000000000001,1.4600157156481188,-57.2953948574077,1000,0.09999999999999998
13.200000000000001,1.4926077085454672,-42.013323178125574,1000,0.09999999999999998
13.3,1.5233294381566402,-41.23690792607795,1000,0.09999999999999998
13.4,1.5675979194825436,-37.209468954282784,1000,0.09999999999999998
13.5,1.529221932018224,-11.845392525719035,1000,0.09999999999999998
13.600000000000001,1.5564809105071484,-22.03509632801797,1000,0.09999999999999998
13.700000000000001,1.589360612786427,7.727101142703759,1000,0.09999999999999998
13.8,1.594936576593728,-8.737156527578918,1000,0.09999999999999998
13.9,1.5911455275189947,13.832809399717007,1000,0.09999999999999998
14.0,1.6084195834924788,5.177027307145181,1000,0.09999999999999998
14.100000000000001,1.595257670786241,16.505725973288463,1000,0.09999999999999998
14.200000000000001,1.6281003838687482,4.191318535341452,1000,0.09999999999999998
14.3,1.6370301255454471,7.17962051091763,1000,0.09999999999999998
14.4,1.655881034538318,24.31253084976288,1000,0.09999999999999998
14.5,1.6483965985723614,33.31773716363659,1000,0.09999999999999998
14.600000000000001,1.6765851644053775,27.269978074907158,1000,0.09999999999999998
14.700000000000001,1.691580537095895,15.88983327684582,1000,0.09999999999999998
14.8,1.6756912085932285,15.738151301395192,1000,0.09999999999999998
14.9,1.6791959722449192,14.90421627078831,1000,0.09999999999999998
15.0,1.6711239938022775,10.582081483375077,0,0.09999999999999998
15.100000000000001,1.6662844382230482,27.68375551911322,0,0.09999999999999998
15.200000000000001,1.6463952739375731,35.41781744535183,0,0.09999999999999998
15.3,1.6600218248258205,20.85957365440845,0,0.09999999999999998
15.4,1.6436909493928429,-5.182931126851145,0,0.09999999999999998
15.5,1.680294188834207,12.367822458731098,0,0.09999999999999998
15.600000000000001,1.662150958802977,9.279850661593628,0,0.09999999999999998
15.700000000000001,1.6301127267058746,28.278444646309254,0,0.09999999999999998
15.8,1.599089222430134,-10.723038582965273,0,0.09999999999999998
15.9,1.591387957740185,-0.3244959832436507,0,0.09999999999999998
16.0,1.639403004740215,21.545179879403804,1000,0.09999999999999998
16.1,1.625437226622724,11.061243053323778,1000,0.09999999999999998
16.2,1.6370453445717175,15.439830475614144,1000,0.09999999999999998
16.3,1.6003772066068596,14.265690437599005,1000,0.09999999999999998
16.400000000000002,1.6615804851794156,19.690888775820895,1000,0.09999999999999998
16.5,1.6598829115144458,27.439156013922002,1000,0.09999999999999998
16.6,1.636348680263776,14.839804844096761,1000,0.09999999999999998
16.7,1.6572745006852259,35.35007587347718,1000,0.09999999999999998
16.8,1.679933627561942,16.495918965352757,1000,0.09999999999999998
16.900000000000002,1.6830785547531963,36.8454119831631,1000,0.09999999999999998
17.0,1.6833800199778057,39.026380578153294,0,0.0
17.1,1.5540407034325865,971.7621545017801,0,0.0
17.2,1.423384873616194,887.4803286530569,0,0.0
17.3,1.3158199041887588,802.7109491762467,0,0.0
17.400000000000002,1.2358599929899468,726.7404407152962,0,0.0
17.5,1.0586053777569635,670.3359968644272,0,0.0
17.6,1.0174960336334378,605.9905694483223,0,0.0
17.7,0.9451252882537728,568.1357581112206,0,0.0
17.8,0.8749376967892939,507.18073587120034,0,0.0
17.900000000000002,0.795076226752288,483.70362211134034,0,0.0
18.0,0.7065774293967921,407.6047651888639,0,0.09999999999999998
18.1,0.7894188554078365,-353.84199193041877,0,0.09999999999999998
18.2,0.8587130678599388,-337.9472945866919,0,0.09999999999999998
18.3,0.8332848119496328,-302.43189317102406,0,0.09999999999999998
18.400000000000002,0.9184704929695195,-297.257411389337,0,0.09999999999999998
18.5,0.930396551928216,-288.1583746582546,0,0.09999999999999998
18.6,0.9696126846223772,-267.2284752200685,0,0.09999999999999998
18.7,0.9817523079263148,-280.1561333126647,0,0.09999999999999998
18.8,1.0261912527478785,-247.07799315502598,0,0.09999999999999998
18.900000000000002,1.0871594300042542,-214.88810485133308,0,0.09999999999999998
19.0,1.0994869467582253,-221.40817690795757,0,0.0
19.1,1.0443295888830209,609.4577060922684,0,0.0
19.200000000000003,0.9557784296805298,564.264563955292,0,0.0
19.3,0.8694771709435747,522.1231799442767,0,0.0
19.400000000000002,0.8298523280539021,451.77914143358794,0,0.0
19.5,0.7431525801341508,416.9866244884961,0,0.0
19.6,0.695485688170451,401.53150340851244,0,0.0
19.700000000000003,0.621870262885853,360.78189005015247,0,0.0
19.8,0.5821407182464533,352.28446859477117,0,0.0
19.900000000000002,0.5237096293066683,309.75046544241286,0,0.0
20.0,0.5178702582120742,200.33919342776608,1000,0.09999999999999998
20.1,0.545967768846519,-445.12112766142036,1000,0.09999999999999998
20.200000000000003,0.6536761251494099,-433.2523493787003,1000,0.09999999999999998
20.3,0.6990529380627777,-382.4805063871163,1000,0.09999999999999998
20.400000000000002,0.790286361353246,-356.69252198399045,1000,0.09999999999999998
20.5,0.8409327782589946,-335.4010701002553,1000,0.09999999999999998
20.6,0.9182411985009793,-297.7822638516982,1000,0.09999999999999998
20.700000000000003,0.9503034418958087,-274.6076797355945,1000,0.09999999999999998
20.8,0.955736855823778,-267.0596279376532,1000,0.09999999999999998
20.900000000000002,1.0349451397059868,-266.7449556799147,1000,0.09999999999999998
21.0,1.0592869521101669,-197.74051040141876,0,0.0
21.1,0.9945759079182563,611.2676198829868,0,0.0
21.200000000000003,0.9583836702332453,559.2603663369391,0,0.0
21.3,0.8697883933191699,520.5894932719702,0,0.0
21.400000000000002,0.7776750512446942,457.9492065339955,0,0.0
21.5,0.7111181777913176,452.0730757775318,0,0.0
21.6,0.6764734234739809,387.89109835983527,0,0.0
21.700000000000003,0.6007793600927185,373.81184362295426,0,0.0
21.8,0.5647619677060032,320.7535664168954,0,0.0
21.900000000000002,0.5412263149131178,302.0619707498663,0,0.0
22.0,0.5186731195668122,302.80669179511915,0,0.0
22.1,0.47164692078045967,263.47579645554924,0,0.0
22.200000000000003,0.38046317444877076,254.7538613510187,0,0.0
22.3,0.4017795001774189,230.5685244928327,0,0.0
22.400000000000002,0.36879543262670733,210.31466247877415,0,0.0
22.5,0.349228023921758,209.23540228379898,0,0.0
22.6,0.3486930952206988,178.53123505896383,0,0.0
22.700000000000003,0.25248276024174565,149.7495177628989,0,0.0
22.8,0.26087009023934904,147.20910204702614,0,0.0
22.900000000000002,0.2648472260032495,149.38859582865734,0,0.0
23.0,0.20322920500728792,119.3146258310644,0,0.09999999999999998
23.1,0.33194910988124615,-549.5979830046745,0,0.09999999999999998
23.200000000000003,0.37478462063825546,-516.8003664496846,0,0.09999999999999998
23.3,0.44526304916000736,-492.1906204749275,0,0.09999999999999998
23.400000000000002,0.4778263772716018,-466.8445686513496,0,0.09999999999999998
23.5,0.5615800650522065,-455.3645518321082,0,0.09999999999999998
23.6,0.6198665352563655,-427.24916926888363,0,0.09999999999999998
23.700000000000003,0.6574000480323834,-407.0046007070514,0,0.09999999999999998
23.8,0.7140627123744254,-369.6210853043767,0,0.09999999999999998
23.900000000000002,0.7716353863080734,-346.58534233825503,0,0.09999999999999998
24.0,0.8060370633408089,-333.19701307383,1000,0.09999999999999998
24.1,0.8748154792873013,-313.78399221823565,1000,0.09999999999999998
24.200000000000003,0.9272878553764228,-287.309350875179,1000,0.09999999999999998
24.3,0.9892494362205175,-276.17454990057286,1000,0.09999999999999998
24.400000000000002,1.051476050213565,-259.2378433579361,1000,0.09999999999999998
24.5,1.0572520040547895,-237.91943826415536,1000,0.09999999999999998
24.6,1.120393525583383,-216.44217299840238,1000,0.09999999999999998
24.700000000000003,1.1942833584835073,-204.21263492182152,1000,0.09999999999999998
24.8,1.188993917189995,-174.3195686420695,1000,0.09999999999999998
24.900000000000002,1.2253937165923467,-152.5485582233614,1000,0.09999999999999998
25.0,1.2815571986758805,-160.4631989326981,1000,0.09999999999999998
25.1,1.3277032843221273,-129.9606864602947,1000,0.09999999999999998
25.200000000000003,1.341913580111724,-118.93665230628812,1000,0.09999999999999998
25.3,1.3966315471551267,-100.78539786206238,1000,0.09999999999999998
25.400000000000002,1.4143982375259627,-92.38225278133814,1000,0.09999999999999998
25.5,1.4396339359148485,-95.58425572460146,1000,0.09999999999999998
25.6,1.457668399551375,-83.2441243524263,1000,0.09999999999999998
25.700000000000003,1.5152462200211616,-60.67112806955902,1000,0.09999999999999998
25.8,1.485080761563836,-41.792444521884136,1000,0.09999999999999998
25.900000000000002,1.4682042630456893,-65.95131112023591,1000,0.09999999999999998
26.0,1.5585208810942435,-14.212035504257074,0,0.0
26.1,1.401683357496756,887.765930648924,0,0.0
26.200000000000003,1.3009987254421844,798.0967475201378,0,0.0
26.3,1.2224629457320288,736.376435605669,0,0.0
26.400000000000002,1.0696308300905564,661.3895871704453,0,0.0
26.5,0.9906133083455329,611.5597973643416,0,0.0
26.6,0.9037217370275492,544.9145878237687,0,0.0
26.700000000000003,0.8471967314342903,491.33021784740777,0,0.0
26.8,0.8059320812152215,482.65635928598385,0,0.0
26.900000000000002,0.7471629896858651,425.4688929938502,0,0.0
27.0,0.6867151349093854,391.34563714451724,0,0.09999999999999998
27.1,0.6969824788847117,-385.1491482973697,0,0.09999999999999998
27.200000000000003,0.7219621248772423,-368.19560591002755,0,0.09999999999999998
27.3,0.8097008105600789,-339.52909085019473,0,0.09999999999999998
27.400000000000002,0.8396277634218823,-328.781290760664,0,0.09999999999999998
27.5,0.8959829401061494,-302.4339802974755,0,0.09999999999999998
27.6,0.9359110767572236,-287.4260998979744,0,0.09999999999999998
27.700000000000003,0.9576929790183888,-275.2491252944683,0,0.09999999999999998
27.8,1.0077449247264623,-260.66272764213136,0,0.09999999999999998
27.900000000000002,1.0354482330709311,-231.51767044014014,0,0.09999999999999998
28.0,1.0801904298464517,-241.99750872115783,1000,0.09999999999999998
28.1,1.094624188198929,-215.67673983719305,1000,0.09999999999999998
28.200000000000003,1.144156630193259,-187.5794861147633,1000,0.09999999999999998
28.3,1.1878027021528004,-171.1016557000794,1000,0.09999999999999998
28.400000000000002,1.2355498246908825,-183.06807167343868,1000,0.09999999999999998
28.5,1.245690259914011,-157.3400828961203,1000,0.09999999999999998
28.6,1.2975680098622107,-126.2641227334907,1000,0.09999999999999998
28.700000000000003,1.3142122571757486,-120.84743122532564,1000,0.09999999999999998
28.8,1.347416887178956,-111.03379031295754,1000,0.09999999999999998
28.900000000000002,1.3946512942613083,-102.96326550232061,1000,0.09999999999999998
29.0,1.3645985126151121,-86.8545030919513,0,0.0
29.1,1.2724304325471616,802.3986104083815,0,0.0
29.200000000000003,1.170356130138802,731.1536365843413,0,0.0
29.3,1.0601427480089383,671.330530980932,0,0.0
29.400000000000002,1.0096944796913023,618.0651724939389,0,0.0
29.5,0.9583674083556364,558.5435530736768,0,0.0
29.6,0.8640966267536312,523.4426524662749,0,0.0
29.700000000000003,0.806462303293852,504.8129030234941,0,0.0
29.8,0.763299661016493,420.2016954009887,0,0.0
29.900000000000002,0.7139589391383891,407.79202677839567,0,0.0
30.0,0.638994569087294,367.6469015666735,1000,0.0
30.1,0.6271346412556547,356.134540912607,1000,0.0
30.200000000000003,0.5683045367090722,330.3526143234312,1000,0.0
30.3,0.5223442165572356,321.10461235380626,1000,0.0
30.400000000000002,0.5008270275945623,309.1953701436287,1000,0.0
30.5,0.46055297725525346,285.6844236472898,1000,0.0
30.6,0.4536257659005729,283.7362351717629,1000,0.0
30.700000000000003,0.4455956452509202,237.76761318395984,1000,0.0
30.8,0.45221005339811704,267.1809725097546,1000,0.0
30.900000000000002,0.45595096159297555,246.3639060327896,1000,0.0
31.0,0.37591654526053464,242.81878040673382,0,0.0
31.1,0.3903089078274933,207.50067788478827,0,0.0
31.200000000000003,0.33644332732578164,196.7173014608088,0,0.0
31.3,0.34336499537040766,192.84431673936342,0,0.0
31.400000000000002,0.30845718123482513,177.88633479300734,0,0.0
31.5,0.2515253497634138,167.42944652156075,0,0.0
31.6,0.28401794333094266,162.09210462910232,0,0.0
31.700000000000003,0.23237943500797886,121.37539283537353,0,0.0
31.8,0.21435292944127404,137.49167580371613,0,0.0
31.900000000000002,0.18611862866899287,117.75779794261416,0,0.0
32.0,0.18005457173387462,107.36817363344653,1000,0.0
32.1,0.19167321275891158,88.84577971251383,1000,0.0
32.2,0.17387582030336368,105.32481791541704,1000,0.0
32.300000000000004,0.18402961730212208,75.85071595514546,1000,0.0
32.4,0.18430971125598283,106.19038199839815,1000,0.0
32.5,0.20487079167706845,85.57329877215034,1000,0.0
32.6,0.17532840861424148,103.19854681752622,1000,0.0
32.7,0.15800397971525637,104.61357981955098,1000,0.0
32.800000000000004,0.21268526922477982,119.77243199507393,1000,0.0
32.9,0.18829977601737813,108.45349534562956,1000,0.0
33.0,0.21991134140813529,102.1045914833121,0,0.09999999999999998
33.1,0.2746252102545439,-552.3146904838804,0,0.09999999999999998
33.2,0.33337788407567626,-509.09927724340287,0,0.09999999999999998
33.300000000000004,0.4089073078409067,-491.93093464901904,0,0.09999999999999998
33.4,0.5036436609749133,-477.2681470430416,0,0.09999999999999998
33.5,0.5656151046980469,-452.54639779153695,0,0.09999999999999998
33.6,0.5821111129575067,-443.7556693365286,0,0.09999999999999998
33.7,0.6377754002181915,-403.23761606779317,0,0.09999999999999998
33.800000000000004,0.7069836520828963,-404.7181615704076,0,0.09999999999999998
33.9,0.7164720513446543,-360.5588730237532,0,0.09999999999999998
34.0,0.7857001825135148,-348.60586979398704,0,0.09999999999999998
34.1,0.8217749244027095,-308.7148605252605,0,0.09999999999999998
34.2,0.8692508692141958,-327.1803827551448,0,0.09999999999999998
34.300000000000004,0.884412969811935,-301.7026527200087,0,0.09999999999999998
34.4,0.9052947108912139,-267.92619636445215,0,0.09999999999999998
34.5,0.9295119265373097,-259.97070200434064,0,0.09999999999999998
34.6,0.9806237250753123,-265.579197001638,0,0.09999999999999998
34.7,1.0239206363236484,-243.86663689235775,0,0.09999999999999998
34.800000000000004,1.0555976575809254,-234.31542812962925,0,0.09999999999999998
34.9,1.1269426327503753,-220.471514943305,0,0.09999999999999998
35.0,1.135464909161108,-215.88153552932908,1000,0.0
35.1,1.032354268169688,634.4266009223247,1000,0.0
35.2,0.995847553375591,578.5309391354131,1000,0.0
35.300000000000004,0.9232319274907184,558.8257397271291,1000,0.0
35.4,0.8716505051696544,527.4075077118505,1000,0.0
35.5,0.831306775843184,489.17296856556004,1000,0.0
35.6,0.7945443573304969,446.94358144569924,1000,0.0
35.7,0.7330535055738521,446.6154772909704,1000,0.0
35.800000000000004,0.7217986285160958,415.8947188487091,1000,0.0
35.9,0.6418336994040823,382.8298691605587,1000,0.0
36.0,0.6324021442440255,356.60103243463163,0,0.09999999999999998
36.1,0.7310532215146548,-404.5390282393291,0,0.09999999999999998
36.2,0.7296487938597735,-381.48601950261127,0,0.09999999999999998
36.300000000000004,0.7961131965449839,-359.6560690773176,0,0.09999999999999998
36.4,0.8115410173819138,-325.03978487986024,0,0.09999999999999998
36.5,0.8615819372861955,-327.51978938135653,0,0.09999999999999998
36.6,0.8859183821294057,-299.7153834732035,0,0.09999999999999998
36.7,0.9186329081780924,-297.2838065738724,0,0.09999999999999998
36.800000000000004,0.9446185054831613,-273.84944297416314,0,0.09999999999999998
36.9,1.0085314516658066,-261.4784200943268,0,0.09999999999999998
37.0,1.0229430286659023,-234.8719589571865,1000,0.09999999999999998
37.1,1.0936649020328222,-232.29121162054344,1000,0.09999999999999998
37.2,1.142769439146381,-225.8114674136441,1000,0.09999999999999998
37.300000000000004,1.165871606379393,-208.2332368111629,1000,0.09999999999999998
37.4,1.1893712497644193,-184.34845615599443,1000,0.09999999999999998
37.5,1.2398227579343413,-176.41915728448294,1000,0.09999999999999998
37.6,1.2593091828616219,-145.00825542413713,1000,0.09999999999999998
37.7,1.317850351580005,-139.32895480052684,1000,0.09999999999999998
37.800000000000004,1.2939744754610025,-97.47767378955359,1000,0.09999999999999998
37.9,1.353371332353297,-125.93476974833447,1000,0.09999999999999998
38.0,1.3477738645269204,-60.78073925258195,1000,0.0
38.1,1.2713681267003283,789.3036058067173,1000,0.0
38.2,1.247460655078127,741.3700380174541,1000,0.0
38.300000000000004,1.161156736580649,696.4904234402393,1000,0.0
38.400000000000006,1.0594866131689429,626.2919602181564,1000,0.0
38.5,0.977309453749422,608.372744438976,1000,0.0
38.6,0.8867192698976929,585.3387281744754,1000,0.0
38.7,0.8789572790288513,525.9268018251287,1000,0.0
38.800000000000004,0.8872198507141222,501.05715561039324,1000,0.0
38.900000000000006,0.8015922775476412,480.42551917679157,1000,0.0
39.0,0.7392674253209881,437.6280140273575,1000,0.09999999999999998
39.1,0.8175730983235248,-344.2113446053763,1000,0.09999999999999998
39.2,0.8330954354291844,-338.45367933475154,1000,0.09999999999999998
39.300000000000004,0.9111286443882562,-287.7397430922874,1000,0.09999999999999998
39.400000000000006,0.9718251702556593,-273.7346693722302,1000,0.09999999999999998
39.5,1.0163371855125707,-262.8759878918245,1000,0.09999999999999998
39.6,1.079377093450443,-232.6449119280678,1000,0.09999999999999998
39.7,1.1137286317480433,-221.7014454140308,1000,0.09999999999999998
39.800000000000004,1.1617379703696447,-203.66765146623402,1000,0.09999999999999998
39.900000000000006,1.1740454418797581,-175.56950325699745,1000,0.09999999999999998
40.0,1.243252013080359,-176.05832857965834,1000,0.0
40.1,1.1860607026304075,712.3236066536838,1000,0.0
40.2,1.0642775507700515,642.1953997906048,1000,0.0
40.300000000000004,1.0016025066566439,607.5496347557082,1000,0.0
40.400000000000006,0.9865842311899611,594.904223897749,1000,0.0
40.5,0.9016695049907746,552.146043119139,1000,0.0
40.6,0.8824212337399686,509.38836933433777,1000,0.0
40.7,0.7982858282225926,469.4046764482673,1000,0.0
40.800000000000004,0.7926874486265083,446.31669957678514,1000,0.0
40.900000000000006,0.7260072720827413,427.10445918927235,1000,0.0
41.0,0.6915069104192382,361.58040083490323,1000,0.09999999999999998
41.1,0.7793312129816492,-363.3619551802658,1000,0.09999999999999998
41.2,0.799371264583006,-339.2192324435282,1000,0.09999999999999998
41.300000000000004,0.8439777479932866,-318.3115549331724,1000,0.09999999999999998
41.400000000000006,0.909485363674011,-308.0404090029324,1000,0.09999999999999998
41.5,0.978412577199558,-277.97035092352235,1000,0.09999999999999998
41.6,0.986175483209311,-243.85941786733292,1000,0.09999999999999998
41.7,1.0738709632138352,-248.72149198271563,1000,0.09999999999999998
41.800000000000004,1.0897544378818207,-220.66870610739443,1000,0.09999999999999998
41.900000000000006,1.1595231378715791,-212.00170417918252,1000,0.09999999999999998
42.0,1.121347400330997,-189.01768641164017,0,0.09999999999999998
42.1,1.1827957140483933,-181.64056024510955,0,0.09999999999999998
42.2,1.190720790996635,-151.8993414281913,0,0.09999999999999998
42.300000000000004,1.2304773905142472,-151.82250809420475,0,0.09999999999999998
42.400000000000006,1.2711358250332836,-161.5174447667232,0,0.09999999999999998
42.5,1.2787363480542293,-134.3798808737056,0,0.09999999999999998
42.6,1.2921213476838531,-142.09761927370982,0,0.09999999999999998
42.7,1.306760926708919,-134.23866624924267,0,0.09999999999999998
42.800000000000004,1.3258040728644005,-120.0213361528431,0,0.09999999999999998
42.900000000000006,1.312525389674537,-123.3081932343066,0,0.09999999999999998
43.0,1.3567862868409177,-94.55332767508116,0,0.0
43.1,1.255523126972931,753.839140171669,0,0.0
43.2,1.1549414903044033,692.4955643498761,0,0.0
43.300000000000004,1.0700416124195433,633.9570883873203,0,0.0
43.400000000000006,0.985049851870861,583.103374855782,0,0.0
43.5,0.9441771651683846,550.9689121101046,0,0.0
43.6,0.8312759079483003,501.2869740876904,0,0.0
43.7,0.7622507489370927,471.4354858145771,0,0.0
43.800000000000004,0.6945290133099169,440.6645439622289,0,0.0
43.900000000000006,0.6358892971485801,375.55023840242666,0,0.0
44.0,0.5801382843155185,354.7543562501678,0,0.0
44.1,0.5400741000521236,313.39202318966,0,0.0
44.2,0.5135879216747048,291.39293358187024,0,0.0
44.300000000000004,0.4831680716105069,269.7942393841122,0,0.0
44.400000000000006,0.44270255887148124,244.9020321698208,0,0.0
44.5,0.39321782572297437,225.23820947572585,0,0.0
44.6,0.3959910525542174,216.2209652598467,0,0.0
44.7,0.3645593177451385,188.81296445041153,0,0.0
44.800000000000004,0.32040153079096445,193.9137577658148,0,0.0
44.900000000000006,0.28632165246936125,161.97568620768197,0,0.0
45.0,0.2884535096041754,167.49271992800368,1000,0.09999999999999998
45.1,0.36316015586720685,-517.3077086660269,1000,0.09999999999999998
45.2,0.40835241512538367,-482.4812339369464,1000,0.09999999999999998
45.300000000000004,0.5117661082259293,-467.1332820446796,1000,0.09999999999999998
45.400000000000006,0.5914199408731129,-408.95675542103254,1000,0.09999999999999998
45.5,0.6364678423256489,-388.1474345205161,1000,0.09999999999999998
45.6,0.723464888418019,-370.61573269089786,1000,0.09999999999999998
45.7,0.7533875789065352,-361.9350633651093,1000,0.09999999999999998
45.800000000000004,0.8692016005638408,-322.1925137909966,1000,0.09999999999999998
45.900000000000006,0.9245092720267722,-312.4336411959166,1000,0.09999999999999998
46.0,0.9485882248110213,-255.77109928224218,0,0.0
46.1,0.8936290855091391,537.3906343603685,0,0.0
46.2,0.7729181089268913,489.09763390231365,0,0.0
46.300000000000004,0.7378881330208884,425.9314059466651,0,0.0
46.400000000000006,0.6990625491448856,405.4168531372861,0,0.0
46.5,0.6324375487562026,390.5832389511306,0,0.0
46.6,0.6199135667497222,366.25681979455203,0,0.0
46.7,0.600882018636888,338.13391557067735,0,0.0
46.800000000000004,0.4961286349116385,286.29313867520705,0,0.0
46.900000000000006,0.4646678533333599,282.06033709372696,0,0.0
47.0,0.45081303895763014,238.6977202693124,0,0.09999999999999998
47.1,0.5352187032321254,-474.66058494837125,0,0.09999999999999998
47.2,0.5331256350882905,-436.98263503909675,0,0.09999999999999998
47.300000000000004,0.6140431066477481,-414.0213400485736,0,0.09999999999999998
47.400000000000006,0.6969776240803913,-399.62358402641894,0,0.09999999999999998
47.5,0.6749471338259703,-396.43330538904866,0,0.09999999999999998
47.6,0.7270745267498313,-363.4281576445428,0,0.09999999999999998
47.7,0.7871944156976856,-346.3366867610075,0,0.09999999999999998
47.800000000000004,0.8274441082400887,-327.74762044057024,0,0.09999999999999998
47.900000000000006,0.8942357824503251,-315.84453730559017,0,0.09999999999999998
48.0,0.9208833828174843,-299.3225339596129,0,0.09999999999999998
48.1,0.9165559304818043,-280.7117273461363,0,0.09999999999999998
48.2,0.9963069145140047,-262.05203328804873,0,0.09999999999999998
48.300000000000004,1.0063300150179781,-256.42242450100275,0,0.09999999999999998
48.400000000000006,1.073190374940781,-245.11588641041817,0,0.09999999999999998
48.5,1.062908869237842,-228.47675971810804,0,0.09999999999999998
48.6,1.0884260551969227,-237.73002505312797,0,0.09999999999999998
48.7,1.1373574309512788,-203.1167231283589,0,0.09999999999999998
48.800000000000004,1.1667012515646045,-197.5463496529419,0,0.09999999999999998
48.900000000000006,1.1838091127638748,-187.378696814887,0,0.09999999999999998
49.0,1.163036063089347,-168.98447152213248,0,0.09999999999999998
49.1,1.2279060625721128,-189.51742153383566,0,0.09999999999999998
49.2,1.2153530574611713,-181.70632568528163,0,0.09999999999999998
49.300000000000004,1.2581350658321462,-151.78993840485873,0,0.09999999999999998
49.400000000000006,1.2408416603827304,-147.74040439884357,0,0.09999999999999998
49.5,1.2926260779165126,-139.6899945231662,0,0.09999999999999998
49.6,1.2804474231390515,-140.3168319323995,0,0.09999999999999998
49.7,1.284100369392637,-123.32703987000059,0,0.09999999999999998
49.800000000000004,1.3365654349913072,-115.20660654859057,0,0.09999999999999998
49.900000000000006,1.3388281712088768,-114.60816923515085,0,0.09999999999999998
50.0,1.3326503430453993,-117.30414316986753,0,0.09999999999999998
50.1,1.3841744752701928,-131.33377847304655,0,0.09999999999999998
50.2,1.35590336112785,-98.41899851246853,0,0.09999999999999998
50.300000000000004,1.3743266374954608,-90.02229029638784,0,0.09999999999999998
50.400000000000006,1.3874914617480973,-92.17623995916802,0,0.09999999999999998
50.5,1.377667288346486,-104.03481661277692,0,0.09999999999999998
50.6,1.4069761695595702,-85.33468502121104,0,0.09999999999999998
50.7,1.3936629439304795,-80.53050909346621,0,0.09999999999999998
50.800000000000004,1.4023289500408191,-70.80958137988728,0,0.09999999999999998
50.900000000000006,1.4435063997981796,-92.60442794784012,0,0.09999999999999998
51.0,1.4005654182269494,-37.10930726137849,0,0.0
51.1,1.2668690423204323,818.3262028708123,0,0.0
51.2,1.2467091483746602,743.7253578961672,0,0.0
51.300000000000004,1.1717635150259174,669.6875835194032,0,0.0
51.400000000000006,1.027009758681185,628.9198951659673,0,0.0
51.5,0.9150566684203127,577.5975557485763,0,0.0
51.6,0.8728311485047229,524.7499036370655,0,0.0
51.7,0.8051328813811427,483.1475873774971,0,0.0
51.800000000000004,0.7454444894602146,440.46827068939274,0,0.0
51.900000000000006,0.6722375565471079,423.92857412724516,0,0.0
52.0,0.6582360758779622,370.21463556881827,1000,0.0
52.1,0.6160200850084872,347.852458972915,1000,0.0
52.2,0.54127245841216,332.76796748918514,1000,0.0
52.300000000000004,0.5575206875796717,324.80843494302644,1000,0.0
52.400000000000006,0.5572969859074393,284.61027668682163,1000,0.0
52.5,0.4961182715505581,272.48844455026756,1000,0.0
52.6,0.4661698813214388,253.71142276291357,1000,0.0
52.7,0.45210373702461926,263.905952726298,1000,0.0
52.800000000000004,0.45000728946865465,242.0910153531495,1000,0.0
52.900000000000006,0.38781239367092724,240.2470404867854,1000,0.0
53.0,0.4122389424643984,242.55505366909983,1000,0.0
53.1,0.3879052214626011,221.51522293366088,1000,0.0
53.2,0.42058872385302415,222.89483038192702,1000,0.0
53.300000000000004,0.36922084315489023,210.90197273167632,1000,0.0
53.400000000000006,0.39563909404239705,214.31790351058225,1000,0.0
53.5,0.33033805575177855,206.45840198049336,1000,0.0
53.6,0.35509689314350634,189.41374289002124,1000,0.0
53.7,0.3414858673959271,189.7881184598773,1000,0.0
53.800000000000004,0.3102703816880803,197.56922371056226,1000,0.0
53.900000000000006,0.32398731802486047,186.830106672508,1000,0.0
54.0,0.33794917041856287,164.96738773724792,1000,0.0
54.1,0.30104772573517824,181.87700884867172,1000,0.0
54.2,0.26807444116566703,161.20169151220034,1000,0.0
54.300000000000004,0.2965179401368383,183.24304751318323,1000,0.0
54.400000000000006,0.2739743111475743,176.53455404440592,1000,0.0
54.5,0.28068357598753035,166.57450421395515,1000,0.0
54.6,0.2817273890391192,162.81520088309935,1000,0.0
54.7,0.24536023779597382,156.88179023247267,1000,0.0
54.800000000000004,0.2432522889527089,163.47672768209213,1000,0.0
54.900000000000006,0.27960226649283637,149.7724260955074,1000,0.0
55.0,0.2534823407017912,152.38983473134977,0,0.0
55.1,0.20610936042100914,155.02056379647638,0,0.0
55.2,0.2659718454009168,136.61134193259113,0,0.0
55.300000000000004,0.24790769895439446,131.6047175934591,0,0.0
55.400000000000006,0.21959420530687979,120.91722545931862,0,0.0
55.5,0.1980839912534087,116.8153329848983,0,0.0
55.6,0.23073457982581314,103.2281796764637,0,0.0
55.7,0.20956363050339633,122.26333244960006,0,0.0
55.800000000000004,0.23765866657596213,125.85588843140522,0,0.0
55.900000000000006,0.18533477174308732,114.4124985000135,0,0.0
56.0,0.17207918013267953,65.82781320916183,1000,0.09999999999999998
56.1,0.2481918183479488,-545.7443915037366,1000,0.09999999999999998
56.2,0.35130015111503976,-507.6491487945741,1000,0.09999999999999998
56.300000000000004,0.42766584575780264,-496.14883467012623,1000,0.09999999999999998
56.400000000000006,0.5182539628668055,-460.9185634730111,1000,0.09999999999999998
56.5,0.555663492488284,-453.91615254553653,1000,0.09999999999999998
56.6,0.6269424161378456,-404.03177437047816,1000,0.09999999999999998
56.7,0.6931570731493739,-390.8227693168883,1000,0.09999999999999998
56.800000000000004,0.7827149681822378,-352.612714963233,1000,0.09999999999999998
56.900000000000006,0.8579587279638385,-345.76283262986726,1000,0.09999999999999998
57.0,0.8767844698050276,-292.62831852100044,0,0.0
57.1,0.8156549304358931,500.1062089084671,0,0.0
57.2,0.7703120805453851,444.43840066603207,0,0.0
57.300000000000004,0.7036315069478514,406.2296620736388,0,0.0
57.400000000000006,0.6756076746020252,363.7780946373796,0,0.0
57.5,0.5643718664689761,353.73136792313744,0,0.0
57.6,0.5481674262247305,323.3384631281333,0,0.0
57.7,0.5075829257047166,288.63660276430255,0,0.0
57.800000000000004,0.4385265372704925,285.80704828385296,0,0.0
57.900000000000006,0.4300998499553046,255.3807932314803,0,0.0
58.0,0.3982681512176658,194.66281430074105,1000,0.09999999999999998
58.1,0.48841502229049016,-470.2873863272771,1000,0.09999999999999998
58.2,0.5899731211600328,-422.7504239986465,1000,0.09999999999999998
58.300000000000004,0.6343330143358772,-399.4694800041434,1000,0.09999999999999998
58.400000000000006,0.6864957506293221,-379.9793782950983,1000,0.09999999999999998
58.5,0.7703379321083865,-346.94769330118015,1000,0.09999999999999998
58.6,0.8544079734700425,-339.9722658753408,1000,0.09999999999999998
58.7,0.8726432491358445,-304.3767059409056,1000,0.09999999999999998
58.800000000000004,0.9294792985050098,-280.67730209107503,1000,0.09999999999999998
58.900000000000006,1.0111805924025905,-265.4118667397488,1000,0.09999999999999998
59.0,1.0446881542445219,-236.03475236507165,1000,0.09999999999999998
59.1,1.1079682800237336,-228.9823621520327,1000,0.09999999999999998
59.2,1.1389492123603286,-197.61632921612272,1000,0.09999999999999998
59.300000000000004,1.1953827178812002,-179.5719603154539,1000,0.09999999999999998
59.400000000000006,1.200173190601105,-197.60446872554985,1000,0.09999999999999998
59.5,1.257556379067995,-140.83844492222215,1000,0.09999999999999998
59.6,1.2879056022376796,-168.49276980052582,1000,0.09999999999999998
59.7,1.2995209257233764,-130.41818674316255,1000,0.09999999999999998
59.800000000000004,1.3223419808823644,-101.02651007043187,1000,0.09999999999999998
59.900000000000006,1.395917692045776,-102.03997903099753,1000,0.09999999999999998
60.0,1.4019957484666907,-101.84980021473166,1000,0.09999999999999998
60.1,1.4137088980281076,-87.14968417132513,1000,0.09999999999999998
60.2,1.4558049647608398,-55.641011114099456,1000,0.09999999999999998
60.300000000000004,1.5024040022818017,-75.46608807142275,1000,0.09999999999999998
60.400000000000006,1.4545846613374973,-36.074733002599714,1000,0.09999999999999998
60.5,1.486131885838181,-40.88429240950154,1000,0.09999999999999998
60.6,1.5112050212504942,-46.22091556422674,1000,0.09999999999999998
60.7,1.5702121628867962,-35.10053849254109,1000,0.09999999999999998
60.800000000000004,1.5556888016376007,-35.436462594348086,1000,0.09999999999999998
60.900000000000006,1.572149420129099,-13.632875727794271,1000,0.09999999999999998
61.0,1.5384783031428402,-13.05150656614751,0,0.09999999999999998
61.1,1.5410765790412722,-36.71147253940126,0,0.09999999999999998
61.2,1.5723115706692816,-23.776949767288897,0,0.09999999999999998
61.300000000000004,1.5623531266055526,-29.53086461109524,0,0.09999999999999998
61.400000000000006,1.5695682167516534,-9.054716311187804,0,0.09999999999999998
61.5,1.5513697451337025,-36.804868202280886,0,0.09999999999999998
61.6,1.5566334375705493,-8.626470177954616,0,0.09999999999999998
61.7,1.5500306449311383,-26.42417894045866,0,0.09999999999999998
61.800000000000004,1.5586900807454098,-39.454594354531764,0,0.09999999999999998
61.900000000000006,1.5558875366090579,-36.45965654354404,0,0.09999999999999998
62.0,1.5043922688942768,-24.599128690410907,0,0.0
62.1,1.3758050850701053,869.9316106599463,0,0.0
62.2,1.3293314839452046,807.5356725751135,0,0.0
62.300000000000004,1.2317008922406263,726.2998721019067,0,0.0
62.400000000000006,1.0929916641647663,654.0152520199772,0,0.0
62.5,0.988214635386159,614.3022396084989,0,0.0
62.6,0.9470080668651422,548.3118018878768,0,0.0
62.7,0.8908689698658296,513.0213840319138,0,0.0
62.800000000000004,0.8414451835361563,469.665629292781,0,0.0
62.900000000000006,0.7545361856742403,431.607429837949,0,0.0
63.0,0.6808123534820671,424.93297438870013,1000,0.09999999999999998
63.1,0.7314495625082156,-361.3992127045667,1000,0.09999999999999998
63.2,0.8085487178949222,-335.78797451389346,1000,0.09999999999999998
63.300000000000004,0.8582218006402451,-333.36731108254844,1000,0.09999999999999998
63.400000000000006,0.8995350436347174,-299.5990237094511,1000,0.09999999999999998
63.5,1.0116837732794277,-270.1027311749185,1000,0.09999999999999998
63.6,1.054504167378969,-262.71448020714433,1000,0.09999999999999998
63.7,1.0874319681644904,-224.34437631113815,1000,0.09999999999999998
63.800000000000004,1.0902752516880723,-227.03397770935953,1000,0.09999999999999998
63.900000000000006,1.1675791844213181,-200.20093043716315,1000,0.09999999999999998
64.0,1.202985176886247,-161.6975032205346,0,0.0
64.10000000000001,1.1121619346321667,671.4679749749712,0,0.0
64.2,1.0430505206505405,607.6949148859039,0,0.0
64.3,0.9519790480588544,560.529472542954,0,0.0
64.4,0.881900436818853,514.9784584505187,0,0.0
64.5,0.813124620351517,467.8090083654024,0,0.0
64.60000000000001,0.7462447435845148,441.85141192638,0,0.0
64.7,0.647763442698694,404.62813301510414,0,0.0
64.8,0.6335524189693791,369.56416197887484,0,0.0
64.9,0.5736251520198561,337.3673873576936,0,0.0
65.0,0.5160600116386425,323.56593897232233,0,0.0
65.10000000000001,0.535721571413414,289.4314294968681,0,0.0
65.2,0.5002190916700888,266.8545035617808,0,0.0
65.3,0.4591080492199371,250.72419842514591,0,0.0
65.4,0.4056478333971212,247.7047897674429,0,0.0
65.5,0.3985595586339361,199.94300307809135,0,0.0
65.60000000000001,0.34499894503775685,205.15626797161985,0,0.0
65.7,0.3238806140972157,163.87732871864227,0,0.0
65.8,0.27480005431071675,171.52019174615452,0,0.0
65.9,0.2832008392576597,172.76303238540277,0,0.0
66.0,0.2566929123602888,147.65695440688705,0,0.09999999999999998
66.10000000000001,0.2955006475650679,-525.0014713503715,0,0.09999999999999998
66.2,0.3846593881399194,-508.260736831925,0,0.09999999999999998
66.3,0.4442517827947059,-479.40624273749654,0,0.09999999999999998
66.4,0.5417964342362378,-459.35178885858477,0,0.09999999999999998
66.5,0.5790147450458791,-443.3546818402474,0,0.09999999999999998
66.60000000000001,0.6138032639252469,-417.99136737399203,0,0.09999999999999998
66.7,0.6688380412045758,-393.361244373682,0,0.09999999999999998
66.8,0.7130453750947412,-383.85646971498863,0,0.09999999999999998
66.9,0.7542567444381891,-365.96926249017633,0,0.09999999999999998
67.0,0.7805479028082791,-352.050385548192,0,0.0
67.10000000000001,0.744674665565606,446.0382060039892,0,0.0
67.2,0.6772415712868582,412.9378973574585,0,0.0
67.3,0.6158303795503164,378.06846653418506,0,0.0
67.4,0.6030953085049306,355.97734665279313,0,0.0
67.5,0.5565189239865811,320.4012378957568,0,0.0
67.60000000000001,0.4723771723702752,299.0852420432175,0,0.0
67.7,0.46751319062215657,275.23119279703405,0,0.0
67.8,0.4548679373889355,250.3259524712239,0,0.0
67.9,0.42425687627219144,227.00251676250627,0,0.0
68.0,0.3939838138899807,236.9315259967825,0,0.0
68.10000000000001,0.34677898076958336,194.06161515051463,0,0.0
68.2,0.3037090364541122,176.9800600542285,0,0.0
68.3,0.27567491021503177,174.3660421108807,0,0.0
68.4,0.28314375610004916,160.30762547290306,0,0.0
68.5,0.2644445974181222,132.52845973528656,0,0.0
68.60000000000001,0.26473868561935365,147.48923820443633,0,0.0
68.7,0.24447161142891716,125.78000701678229,0,0.0
68.8,0.2044754491523948,106.72018570181808,0,0.0
68.9,0.1678731178405899,121.34755856149877,0,0.0
69.0,0.17282268633396214,107.74400088631955,0,0.0
69.10000000000001,0.17112838794133634,81.56138201729846,0,0.0
69.2,0.1519239443206697,105.8114645208625,0,0.0
69.3,0.1343976513330869,88.93064123592649,0,0.0
69.4,0.141689026922041,76.93616352209483,0,0.0
69.5,0.1177916395632268,87.95042399238355,0,0.0
69.60000000000001,0.10699039690549217,68.88820760365161,0,0.0
69.7,0.11778095365336405,62.42050385451057,0,0.0
69.8,0.09570927172971455,51.585777736164346,0,0.0
69.9,0.10099700195582528,59.62827909578846,0,0.0
70.0,0.09472039265691112,37.62084373835114,1000,0.09999999999999998
70.10000000000001,0.15720574065850723,-579.1770945872513,1000,0.09999999999999998
70.2,0.25737153969182547,-555.1343145794499,1000,0.09999999999999998
70.3,0.3787357354479637,-514.8685461013629,1000,0.09999999999999998
70.4,0.4080537068480323,-486.2861541579232,1000,0.09999999999999998
70.5,0.46481580050928084,-469.93687126789246,1000,0.09999999999999998
70.60000000000001,0.542279884647221,-443.32659885502653,1000,0.09999999999999998
70.7,0.6499497124939895,-395.57534826425217,1000,0.09999999999999998
70.8,0.716863815884369,-400.75575166325143,1000,0.09999999999999998
70.9,0.7776092671889225,-347.338284209869,1000,0.09999999999999998
71.0,0.864789322705656,-326.95538697595293,1000,0.0
71.10000000000001,0.747241937554846,487.7923560183599,1000,0.0
71.2,0.76775717491003,444.0600230051532,1000,0.0
71.3,0.751857274279506,431.00937100986994,1000,0.0
71.4,0.6627334138027141,398.52744495821116,1000,0.0
71.5,0.6436091987578658,382.51108541945086,1000,0.0
71.60000000000001,0.6038944749814368,368.8328122097346,1000,0.0
71.7,0.5711499770457023,338.51287817325647,1000,0.0
71.8,0.5549338428169284,336.3611180374737,1000,0.0
71.9,0.5647685738501069,301.2988696974289,1000,0.0
72.0,0.5500639872540916,300.6052015901032,1000,0.0
72.10000000000001,0.48603245512035187,294.89224050844314,1000,0.0
72.2,0.5099156067890815,279.6719185715838,1000,0.0
72.3,0.45319529007190607,280.63526626190014,1000,0.0
72.4,0.4698574583960671,243.24887888409376,1000,0.0
72.5,0.41684806150422204,227.5174148281585,1000,0.0
72.60000000000001,0.4068961069588717,222.80437226292543,1000,0.0
72.7,0.3987758751368773,231.80414574138376,1000,0.0
72.8,0.44244727752317026,222.7891028277336,1000,0.0
72.9,0.37869335964049267,208.69542074426863,1000,0.0
73.0,0.3292519144791841,185.69251926784364,0,0.0
73.10000000000001,0.34343883214518023,193.22625325168792,0,0.0
73.2,0.29651030849983684,161.38873342518855,0,0.0
73.3,0.275653586326162,174.53447927219258,0,0.0
73.4,0.2854586905837495,180.93581506177634,0,0.0
73.5,0.24988289120211515,145.54963481327377,0,0.0
73.60000000000001,0.23694365645677173,137.34714235653973,0,0.0
73.7,0.21498250115601536,116.92821800870115,0,0.0
73.8,0.20592196054030953,94.77028938417789,0,0.0
73.9,0.19332290153028264,98.60423643910781,0,0.0
74.0,0.13295164887665045,51.911269126407205,1000,0.09999999999999998
74.10000000000001,0.27241351107155687,-564.8466144174618,1000,0.09999999999999998
74.2,0.3255147767238391,-501.2617565503824,1000,0.09999999999999998
74.3,0.3985776270378878,-484.7984356503475,1000,0.09999999999999998
74.4,0.5046301240423805,-453.5358180400808,1000,0.09999999999999998
74.5,0.5821788585262002,-431.4996165963239,1000,0.09999999999999998
74.60000000000001,0.6376302868646642,-402.42619915323303,1000,0.09999999999999998
74.7,0.7353818764273337,-364.4577647517044,1000,0.09999999999999998
74.8,0.7559456356335037,-348.98111282922855,1000,0.09999999999999998
74.9,0.8352103513806153,-319.0396096532304,1000,0.09999999999999998
75.0,0.8887076647223893,-267.12540789068225,0,0.0
75.10000000000001,0.8361351348658435,494.60209317195677,0,0.0
75.2,0.7818172119122515,445.8594619357573,0,0.0
75.3,0.6991757294193732,404.4984345883895,0,0.0
75.4,0.6812284366074266,388.9928547098434,0,0.0
75.5,0.6196792991841971,362.44259169484576,0,0.0
75.60000000000001,0.5339447085575442,320.3732048428983,0,0.0
75.7,0.4893452649150749,306.55027629985307,0,0.0
75.8,0.48837324625660994,283.3967096254537,0,0.0
75.9,0.44767190244459165,239.56690228543903,0,0.0
76.0,0.4168635415068991,232.54717340686057,0,0.0
76.10000000000001,0.38715117979480684,227.45010869406724,0,0.0
76.2,0.36226938152338306,209.47492478949061,0,0.0
76.3,0.3492098994721564,177.8310137478038,0,0.0
76.4,0.28298489853308784,176.25222651051172,0,0.0
76.5,0.2591690207039177,171.72835903028135,0,0.0
76.60000000000001,0.24059479814892004,157.64811481519428,0,0.0
76.7,0.24898526910979335,137.78381387548507,0,0.0
76.80000000000001,0.2500851159430102,123.63202094832468,0,0.0
76.9,0.19990338156760679,112.39769766620611,0,0.0
77.0,0.14306013373002546,114.45534955357107,0,0.0
77.10000000000001,0.1446533809201922,103.42325615266509,0,0.0
77.2,0.14868299763826265,99.9970021906338,0,0.0
77.30000000000001,0.1420322740885389,87.93011394885707,0,0.0
77.4,0.1338370285961057,88.22083692955403,0,0.0
77.5,0.13249420663341205,74.85795009962294,0,0.0
77.60000000000001,0.11602949976666554,76.1607700639479,0,0.0
77.7,0.13454101859746093,72.06440710575225,0,0.0
77.80000000000001,0.09199692166757423,50.893315853900276,0,0.0
77.9,0.08083188241591444,36.972477723004886,0,0.0
78.0,0.1007442860087231,66.36134032099017,0,0.09999999999999998
78.10000000000001,0.13447976899441993,-581.9946910510789,0,0.09999999999999998
78.2,0.2439756333616172,-575.6006202488315,0,0.09999999999999998
78.30000000000001,0.3064485830502486,-540.2089465476174,0,0.09999999999999998
78.4,0.3681677831783281,-500.4273491326703,0,0.09999999999999998
78.5,0.46492710873664667,-487.45595382676765,0,0.09999999999999998
78.60000000000001,0.480614632964099,-466.8811387358455,0,0.09999999999999998
78.7,0.5974371792373452,-423.37085415963793,0,0.09999999999999998
78.80000000000001,0.6141770179206514,-423.51407422314423,0,0.09999999999999998
78.9,0.6548817462056187,-396.72664810982405,0,0.09999999999999998
79.0,0.7428388920462012,-362.37754333118846,1000,0.09999999999999998
79.10000000000001,0.7791922255039436,-336.8857154954103,1000,0.09999999999999998
79.2,0.8416582053381587,-313.45496306600216,1000,0.09999999999999998
79.30000000000001,0.9187862956496975,-287.5276118051697,1000,0.09999999999999998
79.4,0.9742856933481843,-273.4692751334869,1000,0.09999999999999998
79.5,1.0012352340667316,-249.96976128835013,1000,0.09999999999999998
79.60000000000001,1.0814118161060362,-237.7301866107673,1000,0.09999999999999998
79.7,1.129974743711367,-215.77098380724146,1000,0.09999999999999998
79.80000000000001,1.1783210613613244,-197.39792429098907,1000,0.09999999999999998
79.9,1.2005632943849545,-179.2130104151829,1000,0.09999999999999998
80.0,1.2514025501835926,-159.13224811620694,0,0.09999999999999998
80.10000000000001,1.2143544587865165,-149.45011182317467,0,0.09999999999999998
80.2,1.2685658232088484,-144.68183196616246,0,0.09999999999999998
80.30000000000001,1.2756544513216772,-145.31620609906713,0,0.09999999999999998
80.4,1.312546702006772,-129.0445676304953,0,0.09999999999999998
80.5,1.313958399458489,-123.30665012074132,0,0.09999999999999998
80.60000000000001,1.3345454084736152,-115.5275576843951,0,0.09999999999999998
80.7,1.3852492267988632,-90.95473077194856,0,0.09999999999999998
80.80000000000001,1.3531251892422045,-114.34727215432122,0,0.09999999999999998
80.9,1.3733494338698495,-101.42663723273563,0,0.09999999999999998
81.0,1.3686276048740682,-74.28930098861565,1000,0.0
81.10000000000001,1.2901463310570938,793.1596749192495,1000,0.0
81.2,1.2052017299243305,759.6097879490835,1000,0.0
81.30000000000001,1.137214324711774,681.662679630198,1000,0.0
81.4,1.0810116685735922,642.5074169681629,1000,0.0
81.5,1.0261639175482555,589.4668425931868,1000,0.0
81.60000000000001,0.9402046594281304,555.8511093180277,1000,0.0
81.7,0.8903061104519256,526.5330926741253,1000,0.0
81.80000000000001,0.8020486568891574,498.91029088556024,1000,0.0
81.9,0.772238233318749,461.78986230377814,1000,0.0
82.0,0.7434073216244723,440.5600462685861,0,0.0
82.10000000000001,0.6934995086334341,397.0777016935499,0,0.0
82.2,0.6327961326484113,365.29704381067495,0,0.0
82.30000000000001,0.6040988291163671,369.9725081003662,0,0.0
82.4,0.5560175944136532,322.49728642918035,0,0.0
82.5,0.5318491101819696,288.10209329570534,0,0.0
82.60000000000001,0.4768654235111356,266.02743679214745,0,0.0
82.7,0.4285791760859716,241.95902869173005,0,0.0
82.80000000000001,0.4093382198493831,240.7617736087368,0,0.0
82.9,0.31362527807393814,209.7020935579376,0,0.0
83.0,0.35221770489130577,195.481424489054,1000,0.09999999999999998
83.10000000000001,0.3500158022875368,-489.32411219675396,1000,0.09999999999999998
83.2,0.4642711970421516,-452.46195147526487,1000,0.09999999999999998
83.30000000000001,0.5794978472264773,-440.4576562243219,1000,0.09999999999999998
83.4,0.6507167457585563,-415.287484975458,1000,0.09999999999999998
83.5,0.6834142261683542,-376.50856794988067,1000,0.09999999999999998
83.60000000000001,0.7543418924428522,-348.1437890342886,1000,0.09999999999999998
83.7,0.8511592745886851,-328.9285354347776,1000,0.09999999999999998
83.80000000000001,0.8649305134468417,-319.977217978776,1000,0.09999999999999998
83.9,0.966030323314155,-286.2649998265251,1000,0.09999999999999998
84.0,0.9633924607162827,-283.1639705156176,0,0.09999999999999998
84.10000000000001,1.0095486617570693,-265.1546061273302,0,0.09999999999999998
84.2,1.067380646354958,-255.12095879907883,0,0.09999999999999998
84.30000000000001,1.068824597427823,-219.443980207604,0,0.09999999999999998
84.4,1.076559534731242,-213.45072067815818,0,0.09999999999999998
84.5,1.122035700776114,-202.1743617701859,0,0.09999999999999998
84.60000000000001,1.148363346774981,-185.30152779832588,0,0.09999999999999998
84.7,1.1438475163673685,-160.30648305437626,0,0.09999999999999998
84.80000000000001,1.1860880797533673,-196.9996171989642,0,0.09999999999999998
84.9,1.1967435289506465,-178.69482642829644,0,0.09999999999999998
85.0,1.248840040454807,-169.54400649440413,0,0.09999999999999998
85.10000000000001,1.2481935021052788,-164.62913748309256,0,0.09999999999999998
85.2,1.2573765937791856,-160.30294991538176,0,0.09999999999999998
85.30000000000001,1.2748966753410622,-146.5670450837306,0,0.09999999999999998
85.4,1.2952180293058486,-149.8869457008177,0,0.09999999999999998
85.5,1.3159536456916792,-128.88293213589623,0,0.09999999999999998
85.60000000000001,1.2957304491606916,-126.54197007965286,0,0.09999999999999998
85.7,1.3063648938939743,-117.33851140901788,0,0.09999999999999998
85.80000000000001,1.3602458659429875,-112.37670264375356,0,0.09999999999999998
85.9,1.3401362998942856,-107.06422743406802,0,0.09999999999999998
86.0,1.3294307097356368,-55.010040965190456,1000,0.0
86.10000000000001,1.2841027854174651,804.4176673750762,1000,0.0
86.2,1.2033235089122911,731.1113784053932,1000,0.0
86.30000000000001,1.0897622611132345,661.4342121893997,1000,0.0
86.4,1.0554685271222377,624.3818143022227,1000,0.0
86.5,1.001188380173681,575.1545343184052,1000,0.0
86.60000000000001,0.9350165200969345,554.9900441973823,1000,0.0
86.7,0.8866747407012978,519.9589206109213,1000,0.0
86.80000000000001,0.7956283885190683,484.71009960419997,1000,0.0
86.9,0.7837289262141258,480.11292151530506,1000,0.0
87.0,0.7286897853735264,439.0104863449533,1000,0.0
87.10000000000001,0.6869601396525864,417.20633183630434,1000,0.0
87.2,0.6787178966448861,378.883465541634,1000,0.0
87.30000000000001,0.6580412562111899,358.0023817915453,1000,0.0
87.4,0.6340791655525013,349.81045225571233,1000,0.0
87.5,0.5965247861676772,334.05202668894526,1000,0.0
87.60000000000001,0.5423717005826791,298.0976712708616,1000,0.0
87.7,0.5281503345617322,300.590212737623,1000,0.0
87.80000000000001,0.5148471846356131,289.42467432636477,1000,0.0
87.9,0.48204119068515183,275.0623004686613,1000,0.0
88.0,0.4639101917090347,178.73678771796494,0,0.09999999999999998
88.10000000000001,0.5340606064568352,-457.6877860049053,0,0.09999999999999998
88.2,0.5704767057279776,-433.19910032402004,0,0.09999999999999998
88.30000000000001,0.6081519355948597,-410.53669160346453,0,0.09999999999999998
88.4,0.6653317978619482,-385.4780985885882,0,0.09999999999999998
88.5,0.7329442593579527,-362.28308923871646,0,0.09999999999999998
88.60000000000001,0.7644788181170048,-358.473360921701,0,0.09999999999999998
88.7,0.8170265390085074,-341.75582162807405,0,0.09999999999999998
88.80000000000001,0.871357669042756,-313.5969835318556,0,0.09999999999999998
88.9,0.8981323145728863,-292.5506467334144,0,0.09999999999999998
89.0,0.9683664816401221,-283.5929308904806,1000,0.09999999999999998
89.10000000000001,1.0083700598779481,-251.84509747864195,1000,0.09999999999999998
89.2,1.0207813065127258,-231.6094259007632,1000,0.09999999999999998
89.30000000000001,1.1173291266006276,-210.77271914778885,1000,0.09999999999999998
89.4,1.1202283652995426,-188.62530622176837,1000,0.09999999999999998
89.5,1.1376563495805936,-198.22623515268788,1000,0.09999999999999998
89.60000000000001,1.189087537629911,-173.02239719224872,1000,0.09999999999999998
89.7,1.2263354353657459,-157.42421154044405,1000,0.09999999999999998
89.80000000000001,1.2823234879243088,-143.59609879391064,1000,0.09999999999999998
89.9,1.3081119517095523,-134.94968758896266,1000,0.09999999999999998
90.0,1.3371200008478255,-111.84477526284354,0,0.0
90.10000000000001,1.2561072300217626,763.7544168109916,0,0.0
90.2,1.1529441918768475,690.20351888601,0,0.0
90.30000000000001,1.0625976745973391,639.7715444698215,0,0.0
90.4,0.9822429027424562,577.8291130167263,0,0.0
90.5,0.9106524560692248,526.1887703411776,0,0.0
90.60000000000001,0.7871903602038506,495.8060593896598,0,0.0
90.7,0.7585949970818673,455.05884318406515,0,0.0
90.80000000000001,0.6640757986452543,423.0230443961864,0,0.0
90.9,0.6550952014611902,406.07012160805607,0,0.0
91.0,0.6053907916945738,346.6930393986713,1000,0.09999999999999998
91.10000000000001,0.6917431943203418,-388.0328159289056,1000,0.09999999999999998
91.2,0.757599839710335,-378.7239023901211,1000,0.09999999999999998
91.30000000000001,0.7982322163986115,-356.68395443812005,1000,0.09999999999999998
91.4,0.8432907671177698,-304.2767477114876,1000,0.09999999999999998
91.5,0.9175306908021446,-307.23967441512286,1000,0.09999999999999998
91.60000000000001,0.9488871608344205,-287.3671942148403,1000,0.09999999999999998
91.7,1.0098201730538126,-256.73901957843555,1000,0.09999999999999998
91.80000000000001,1.0774546919945696,-237.57150682974225,1000,0.09999999999999998
91.9,1.0919419053791275,-226.91747555368966,1000,0.09999999999999998
92.0,1.1620576987982218,-203.0662459332616,1000,0.09999999999999998
92.10000000000001,1.1998203741725755,-170.7481352900868,1000,0.09999999999999998
92.2,1.2049861583123578,-175.02848273895233,1000,0.09999999999999998
92.30000000000001,1.279004124632344,-165.69687023857568,1000,0.09999999999999998
92.4,1.308199829990337,-127.6056957458477,1000,0.09999999999999998
92.5,1.3289254636282948,-118.16881803235265,1000,0.09999999999999998
92.60000000000001,1.3422551013012507,-116.14579719205994,1000,0.09999999999999998
92.7,1.368888256454274,-113.39977361764159,1000,0.09999999999999998
92.80000000000001,1.4018461134347326,-93.45049812851084,1000,0.09999999999999998
92.9,1.4479344241686603,-75.76613867732794,1000,0.09999999999999998
93.0,1.4404408675017022,-38.60836752767227,0,0.0
93.10000000000001,1.3566173684951588,823.8369323635034,0,0.0
93.2,1.2172669457597847,760.8216365675044,0,0.0
93.30000000000001,1.1410056258538628,703.8611825128673,0,0.0
93.4,1.0581580927585632,614.7118876136628,0,0.0
93.5,1.0215010152627952,594.5896183956429,0,0.0
93.60000000000001,0.868777967485773,523.5216483542908,0,0.0
93.7,0.8565830337005975,495.12770802976866,0,0.0
93.80000000000001,0.7672239042311988,455.2064499843409,0,0.0
93.9,0.7143186110662452,427.3797339131652,0,0.0
94.0,0.655600608214991,371.6138856392017,1000,0.09999999999999998
94.10000000000001,0.7252542354672746,-398.8218701617752,1000,0.09999999999999998
94.2,0.7740289666394284,-358.5889753971851,1000,0.09999999999999998
94.30000000000001,0.8636882160057722,-326.1652956133503,1000,0.09999999999999998
94.4,0.8826846622992726,-306.4110778003824,1000,0.09999999999999998
94.5,0.9668328115772811,-278.34877291249177,1000,0.09999999999999998
94.60000000000001,0.9808293224377511,-254.92499051140567,1000,0.09999999999999998
94.7,1.0398346901459208,-237.16611039795225,1000,0.09999999999999998
94.80000000000001,1.0649265580408835,-226.46842363990072,1000,0.09999999999999998
94.9,1.1385467520198693,-224.6205948325969,1000,0.09999999999999998
95.0,1.1993171331189432,-170.5774586821426,0,0.0
95.10000000000001,1.0831107198293095,661.5171590170221,0,0.0
95.2,0.9998344997110999,594.0122397692376,0,0.0
95.30000000000001,0.9051348478502588,561.8530268242266,0,0.0
95.4,0.8540132906085498,520.7441469331534,0,0.0
95.5,0.7613572926836651,471.45343980742837,0,0.0
95.60000000000001,0.7137693780222136,401.06252195137495,0,0.0
95.7,0.6802619610136462,383.9567619099498,0,0.0
95.80000000000001,0.6506913488375261,384.1586363977267,0,0.0
95.9,0.6339656893548993,331.9122405095204,0,0.0
96.0,0.5219035928984503,290.87779361803405,0,0.0
96.10000000000001,0.5208076679820266,297.8810795276022,0,0.0
96.2,0.4590444503681663,262.83286351257357,0,0.0
96.30000000000001,0.416813549397979,253.2807365968065,0,0.0
96.4,0.3977608586019663,226.89426472697687,0,0.0
96.5,0.3618434718101389,211.97201725459126,0,0.0
96.60000000000001,0.3359097033609162,195.1953902058567,0,0.0
96.7,0.3007108136240353,183.98159556589417,0,0.0
96.80000000000001,0.25794200046032856,186.32040021219564,0,0.0
96.9,0.23368142254953383,160.72893660841055,0,0.0
97.0,0.2580086627174101,117.83792893321879,0,0.09999999999999998
97.10000000000001,0.3063286111036767,-525.9363483374,0,0.09999999999999998
97.2,0.36439809361628406,-494.7829368424109,0,0.09999999999999998
97.30000000000001,0.43700122656173424,-471.11253191691776,0,0.09999999999999998
97.4,0.5132262795397216,-464.35225005232587,0,0.09999999999999998
97.5,0.5565729004233946,-426.98888790380624,0,0.09999999999999998
97.60000000000001,0.5926420420446163,-408.85165529363803,0,0.09999999999999998
97.7,0.6812732144137481,-372.5307070835197,0,0.09999999999999998
97.80000000000001,0.7375560330481887,-386.5028330134519,0,0.09999999999999998
97.9,0.7626804630593842,-365.63497178854686,0,0.09999999999999998
98.0,0.8166716464207706,-345.99152305854113,0,0.09999999999999998
98.10000000000001,0.8640386616477249,-331.0131367995491,0,0.09999999999999998
98.2,0.9013945728336825,-319.0029216978428,0,0.09999999999999998
98.30000000000001,0.9282597341185861,-322.5324843338094,0,0.09999999999999998
98.4,0.9627218948651572,-284.8669552669944,0,0.09999999999999998
98.5,0.9942280480310517,-263.04325679225167,0,0.09999999999999998
98.60000000000001,0.9930056575979771,-258.5663512664514,0,0.09999999999999998
98.7,1.0583761383835393,-221.92881722308266,0,0.09999999999999998
98.80000000000001,1.0449654529613444,-229.55378519218993,0,0.09999999999999998
98.9,1.0822399826888764,-206.09825073755837,0,0.09999999999999998
99.0,1.1487484242508046,-169.1070718629744,1000,0.0
99.10000000000001,1.0758027525234386,648.116062714821,1000,0.0
99.2,1.0269038050780877,602.7024134177909,1000,0.0
99.30000000000001,0.9345989887343684,576.7273029643457,1000,0.0
99.4,0.863834860864058,529.5430691144029,1000,0.0
99.5,0.8337320332190199,503.3036420175831,1000,0.0
99.60000000000001,0.7949050709465357,473.2707471953627,1000,0.0
99.7,0.7521829815030046,440.42066211860583,1000,0.0
99.80000000000001,0.7342989249804202,423.27374617679925,1000,0.0
99.9,0.6683146733389664,419.099226978512,1000,0.0
100.0,0.6492930594198612,365.3099754874129,0,0.09999999999999998
100.10000000000001,0.6686760061375585,-381.68721659957464,0,0.09999999999999998
100.2,0.7438209433801459,-354.8727829965155,0,0.09999999999999998
100.30000000000001,0.7761920151322217,-339.42663252018065,0,0.09999999999999998
100.4,0.8024488236720533,-334.0905939768454,0,0.09999999999999998
100.5,0.8529167321790974,-341.84852858035174,0,0.09999999999999998
100.60000000000001,0.8906064980316382,-297.99655540060576,0,0.09999999999999998
100.7,0.9234867264471598,-311.28892542878293,0,0.09999999999999998
100.80000000000001,0.9972674512431636,-260.92295367870975,0,0.09999999999999998
100.9,0.9916118443069086,-260.85539259894176,0,0.09999999999999998
101.0,1.0190173260395206,-225.1180989297909,0,0.0
101.10000000000001,0.9090249710959197,561.882328808043,0,0.0
101.2,0.8606843720584001,508.99635605252934,0,0.0
101.30000000000001,0.8062680310911805,484.6589111314688,0,0.0
101.4,0.7362689119566088,443.2369794717506,0,0.0
101.5,0.7206175268172705,403.18309996328753,0,0.0
101.60000000000001,0.6374932906445494,376.7542173924776,0,0.0
101.7,0.6185409282881933,374.17665889777436,0,0.0
101.80000000000001,0.5497167694427629,327.8788124183411,0,0.0
101.9,0.5084822666467099,305.34835574163844,0,0.0
102.0,0.4685604993580421,269.2867896671014,1000,0.09999999999999998
102.10000000000001,0.5428463906330032,-428.10253219421975,1000,0.09999999999999998
102.2,0.6459148683580445,-417.95931790101986,1000,0.09999999999999998
102.30000000000001,0.6326621192716901,-410.1234441949382,1000,0.09999999999999998
102.4,0.7036001977070985,-365.9580902991502,1000,0.09999999999999998
102.5,0.7930647573255012,-331.87731644097676,1000,0.09999999999999998
102.60000000000001,0.8617196577249606,-326.51048946695755,1000,0.09999999999999998
102.7,0.9305585720186906,-296.0307220016484,1000,0.09999999999999998
102.80000000000001,0.9789823980205057,-279.5527514042842,1000,0.09999999999999998
102.9,1.011954810508504,-237.0143556897401,1000,0.09999999999999998
103.0,1.0874054966796303,-190.15542036062106,0,0.0
103.10000000000001,1.0107892738258322,602.4029198647395,0,0.0
103.2,0.9198566216892994,554.7340511545581,0,0.0
103.30000000000001,0.867615292427601,504.9020622114476,0,0.0
103.4,0.7907774266648326,467.40039431331115,0,0.0
103.5,0.716105087967966,417.2827918936291,0,0.0
103.60000000000001,0.6858105301043391,372.6748757297155,0,0.0
103.7,0.6227589011485035,364.37642107227293,0,0.0
103.80000000000001,0.5734388815564717,337.3834830164724,0,0.0
103.9,0.5599096025414996,320.43585325626555,0,0.0
104.0,0.44265427717662753,282.6186999615802,1000,0.09999999999999998
104.10000000000001,0.5352951307028011,-419.10722300852467,1000,0.09999999999999998
104.2,0.6096581182840657,-417.5929599428555,1000,0.09999999999999998
104.30000000000001,0.693562426212087,-384.67100660907636,1000,0.09999999999999998
104.4,0.7589813685707609,-351.21416169719305,1000,0.09999999999999998
104.5,0.7947716609545568,-306.428398534561,1000,0.09999999999999998
104.60000000000001,0.8631093308498006,-293.6587679128497,1000,0.09999999999999998
104.7,0.9204822573866371,-274.97318569132676,1000,0.09999999999999998
104.80000000000001,1.0387264541348271,-268.7475169514373,1000,0.09999999999999998
104.9,1.0735651151100916,-253.83124546324416,1000,0.09999999999999998
105.0,1.0697855355105421,-220.32930075081367,0,0.09999999999999998
105.10000000000001,1.1064829880555713,-224.26130530770934,0,0.09999999999999998
105.2,1.1217485862037897,-202.49255190365966,0,0.09999999999999998
105.30000000000001,1.132791952457282,-189.92664626013448,0,0.09999999999999998
105.4,1.192593393697921,-162.5381842134184,0,0.09999999999999998
105.5,1.1982377893716958,-172.2323986442534,0,0.09999999999999998
105.60000000000001,1.2369603068133666,-184.4908026893254,0,0.09999999999999998
105.7,1.2243143456753067,-147.66150069485047,0,0.09999999999999998
105.80000000000001,1.2559387754990832,-153.4985667493238,0,0.09999999999999998
105.9,1.2934508294742049,-137.8439240039197,0,0.09999999999999998
106.0,1.3205185735235174,-129.31620624468087,1000,0.09999999999999998
106.10000000000001,1.3460670612452148,-120.50097385071422,1000,0.09999999999999998
106.2,1.3362526660755476,-99.02325984126946,1000,0.09999999999999998
106.30000000000001,1.403847001743733,-111.92157760345253,1000,0.09999999999999998
106.4,1.3951051040413756,-91.35765930324851,1000,0.09999999999999998
106.5,1.448143433311965,-68.95186004256811,1000,0.09999999999999998
106.60000000000001,1.4580411491434955,-72.09378840364388,1000,0.09999999999999998
106.7,1.4522135028798404,-72.6475361285311,1000,0.09999999999999998
106.80000000000001,1.4932790499080468,-41.04187774875936,1000,0.09999999999999998
106.9,1.5267659353060834,-27.790001874142945,1000,0.09999999999999998
107.0,1.5505994346254344,-31.180402521895303,1000,0.09999999999999998
107.10000000000001,1.5530674769777333,-42.58418511451964,1000,0.09999999999999998
107.2,1.6025729157450108,-8.761435209967203,1000,0.09999999999999998
107.30000000000001,1.6064780051909313,-25.92988834636708,1000,0.09999999999999998
107.4,1.5946619236273598,-0.16065925868679187,1000,0.09999999999999998
107.5,1.6279085386493186,-6.252447842779475,1000,0.09999999999999998
107.60000000000001,1.6636615447810623,-3.5643300017154615,1000,0.09999999999999998
107.7,1.675242887631864,8.56140922508257,1000,0.09999999999999998
107.80000000000001,1.6214881380555468,15.622098529256618,1000,0.09999999999999998
107.9,1.6365275153591714,15.02556697941236,1000,0.09999999999999998
108.0,1.6933676857141826,39.729165831894534,1000,0.0
108.10000000000001,1.5337555857605452,970.0008713741117,1000,0.0
108.2,1.4244246868437536,912.0502633042888,1000,0.0
108.30000000000001,1.3449478819504694,839.1559587377142,1000,0.0
108.4,1.2747557857493312,769.6813082408944,1000,0.0
108.5,1.1810524420091522,712.1356431378508,1000,0.0
108.60000000000001,1.0938280845001778,653.9614114431852,1000,0.0
108.7,1.0240839446261178,628.4882094579971,1000,0.0
108.80000000000001,0.9610401457100552,582.6826762406572,1000,0.0
108.9,0.9004057121535087,525.6293833417685,1000,0.0
109.0,0.9109548954533979,479.4580392152102,0,0.09999999999999998
109.10000000000001,0.9054852923142276,-310.20328808257455,0,0.09999999999999998
109.2,0.9522473675594689,-271.213875207658,0,0.09999999999999998
109.30000000000001,0.9583764904371472,-290.26135940283075,0,0.09999999999999998
109.4,0.9957907643748412,-274.72178498130415,0,0.09999999999999998
109.5,1.015405451226612,-236.8068211274176,0,0.09999999999999998
109.60000000000001,1.005186495375348,-222.54876964495452,0,0.09999999999999998
109.7,1.0575768474007514,-232.3888169103011,0,0.09999999999999998
109.80000000000001,1.0742132698463491,-220.69513469691174,0,0.09999999999999998
109.9,1.0891256493486114,-198.24678016794678,0,0.09999999999999998
110.0,1.1325761026932062,-211.01123499498954,0,0.0
110.10000000000001,1.0986983334066824,630.5596963392582,0,0.0
110.2,0.9910172430681872,594.4208462531778,0,0.0
110.30000000000001,0.9425840426973808,564.2372007701479,0,0.0
110.4,0.8570193092534657,501.08830060168384,0,0.0
110.5,0.8004632491573744,465.98207133888536,0,0.0
110.60000000000001,0.7064173413766826,438.3710759602327,0,0.0
110.7,0.6792717527093286,413.55457353067686,0,0.0
110.80000000000001,0.6324587143526461,355.5618475799456,0,0.0
110.9,0.5601774235751673,333.39863433787013,0,0.0
111.0,0.5409493466515656,320.0193029545817,1000,0.09999999999999998
111.10000000000001,0.6105000108145937,-436.31379027163985,1000,0.09999999999999998
111.2,0.655034838762873,-384.50206845372395,1000,0.09999999999999998
111.30000000000001,0.706711283355772,-379.88009387767215,1000,0.09999999999999998
111.4,0.7682280204062826,-343.72954596613,1000,0.09999999999999998
111.5,0.851295959407353,-324.0109106010377,1000,0.09999999999999998
111.60000000000001,0.9106964449864625,-309.06322056150384,1000,0.09999999999999998
111.7,0.9379817300233171,-289.2098373057661,1000,0.09999999999999998
111.80000000000001,0.9998399503154864,-258.1487310220127,1000,0.09999999999999998
111.9,1.0525929196002872,-233.8294151711816,1000,0.09999999999999998
112.0,1.0918178670914465,-229.2919814258412,0,0.09999999999999998
112.10000000000001,1.1451614676532893,-212.8411759006558,0,0.09999999999999998
112.2,1.1707312328795627,-194.71613207200062,0,0.09999999999999998
112.30000000000001,1.1526314770973087,-198.36750286484948,0,0.09999999999999998
112.4,1.2301926579921032,-170.81570960328918,0,0.09999999999999998
112.5,1.2062327028351447,-160.9333046477832,0,0.09999999999999998
112.60000000000001,1.25579622184992,-135.62400163367874,0,0.09999999999999998
112.7,1.2527000824665384,-158.6239730065099,0,0.09999999999999998
112.80000000000001,1.2581669905127946,-153.01476957331397,0,0.09999999999999998
112.9,1.2446720630259192,-134.55824246936572,0,0.09999999999999998
113.0,1.29087481746613,-115.89836846659091,1000,0.0
113.10000000000001,1.1844302298555842,737.9787067206671,1000,0.0
113.2,1.1596855701166522,689.3190872297291,1000,0.0
113.30000000000001,1.1004181653019423,652.571968178816,1000,0.0
113.4,0.9898059815150351,597.0083439134132,1000,0.0
113.5,0.9507472150169924,561.6640840225227,1000,0.0
113.60000000000001,0.8739965799136638,530.6664612049435,1000,0.0
113.7,0.824564337259897,507.2469020547496,1000,0.0
113.80000000000001,0.8060865587703274,462.2743827666727,1000,0.0
113.9,0.7476915263318293,423.89840655592707,1000,0.0
114.0,0.7443235150829501,392.586940186633,0,0.09999999999999998
114.10000000000001,0.7425018643217731,-373.1630375855566,0,0.09999999999999998
114.2,0.8132076174365217,-357.2026390685205,0,0.09999999999999998
114.30000000000001,0.834324526754191,-329.7813254278417,0,0.09999999999999998
114.4,0.8874471863979174,-324.28827533274125,0,0.09999999999999998
114.5,0.8990754906490057,-304.61167456194653,0,0.09999999999999998
114.60000000000001,0.9408979327053935,-291.51022221503445,0,0.09999999999999998
114.7,0.9714951103838114,-275.1070895383682,0,0.09999999999999998
114.80000000000001,0.992735585587921,-242.83782469599464,0,0.09999999999999998
114.9,1.059907704398877,-234.12015322218576,0,0.09999999999999998
115.0,1.0974803463111353,-224.9613651011041,1000,0.09999999999999998
115.10000000000001,1.134755699259931,-213.82222122915118,1000,0.09999999999999998
115.2,1.1917189465305995,-197.68912474295303,1000,0.09999999999999998
115.30000000000001,1.2254588100063275,-175.15409320704657,1000,0.09999999999999998
115.4,1.2237175831788099,-157.88579697089972,1000,0.09999999999999998
115.5,1.272674368803509,-158.32076263129693,1000,0.09999999999999998
115.60000000000001,1.2859904365735417,-134.61804994802424,1000,0.09999999999999998
115.7,1.3305700438283985,-141.72531823265945,1000,0.09999999999999998
115.80000000000001,1.347672515890264,-106.61726707650905,1000,0.09999999999999998
115.9,1.4196755529480551,-89.16480019012579,1000,0.09999999999999998
116.0,1.420377172457557,-81.90798929897574,1000,0.0
116.10000000000001,1.320465920785531,834.6376140938601,1000,0.0
116.2,1.2655480374879708,751.8298099203566,1000,0.0
116.30000000000001,1.1195056857083916,710.2327185029771,1000,0.0
116.4,1.051465377973904,660.8585447319492,1000,0.0
116.5,1.039612762379618,615.5703398738806,1000,0.0
116.60000000000001,0.9621924560867683,574.7799092689447,1000,0.0
116.7,0.9086176494240386,540.3372857007489,1000,0.0
116.80000000000001,0.825044976092042,515.0822173379265,1000,0.0
116.9,0.8026383378147601,490.40057837573113,1000,0.0
117.0,0.7917966463195762,444.5253474574756,0,0.0
117.10000000000001,0.7177959361690309,421.38680657340774,0,0.0
117.2,0.6555380780495401,375.8385451326367,0,0.0
117.30000000000001,0.597430645431638,362.3030946975023,0,0.0
117.4,0.5545146144041508,320.2909877722286,0,0.0
117.5,0.47819469411415305,313.5915352585089,0,0.0
117.60000000000001,0.48756008876076784,301.6276899311306,0,0.0
117.7,0.46363337408757666,256.9061546506755,0,0.0
117.80000000000001,0.382215560081514,216.5766381091189,0,0.0
117.9,0.3691264561278169,214.316983362688,0,0.0
118.0,0.33013891103997306,214.87767558572068,0,0.0
118.10000000000001,0.30725249667752497,192.34145293847723,0,0.0
118.2,0.30323837717757396,175.04213115808398,0,0.0
118.30000000000001,0.23842783278717405,169.87253811169649,0,0.0
118.4,0.2714625718503241,152.481279225839,0,0.0
118.5,0.2544070614436098,148.26677146030124,0,0.0
118.60000000000001,0.2161483201093457,134.76343059599822,0,0.0
118.7,0.15508422835893843,131.29277209194333,0,0.0
118.80000000000001,0.16998566759051936,111.1972016299851,0,0.0
118.9,0.20228257746735778,109.63036259326236,0,0.0
119.0,0.11401618075057396,92.79297359910197,1000,0.0
119.10000000000001,0.15723514471596367,86.65366388476377,1000,0.0
119.2,0.13785316300002481,108.05752799369566,1000,0.0
119.30000000000001,0.17747016922545011,92.99102986064281,1000,0.0
119.4,0.15046008779011455,100.23447218270758,1000,0.0
119.5,0.17246453748316615,93.63136435880733,1000,0.0
119.60000000000001,0.1769986451171519,87.271429172647,1000,0.0
119.7,0.2047669847900453,94.61639852224835,1000,0.0
119.80000000000001,0.16738571197996865,110.86385613610219,1000,0.0
119.9,0.18341657270031586,104.68102551064385,1000,0.0
120.0,0.1507376620297851,84.57578972035753,1000,0.0
